production,,"gg->H,0-jet,pTH<10GeV","gg->H,0-jet,10<=pTH<200GeV","gg->H,1-jet,pTH<60GeV","gg->H,1-jet,60<=pTH<120GeV","gg->H,1-jet,120<=pTH<200GeV","gg->H,>=2-jet,mjj<350GeV,pTH<120GeV","gg->H,>=2-jet,mjj<350GeV,120<=pTH<200GeV","gg->H,>=2-jet,mjj>=350GeV,pTH<200GeV","gg->H,200<=pTH<300GeV","gg->H,300<=pTH<450GeV","gg->H,pTH>=450GeV","qq->Hqq,<=1-jetandVH-veto(VBF)","qq->Hqq,>=2-jet,350<=mjj<700GeV,pTH<200GeV","qq->Hqq,>=2-jet,350<=mjj<1000GeV,pTH>=200GeV","qq->Hqq,>=2-jet,60<mjj<120GeV","qq->Hqq,>=2-jet,700<=mjj<1000GeV,pTH<200GeV","qq->Hqq,>=2-jet,mjj>=1000GeV,pTH<200GeV","qq->Hqq,>=2-jet,mjj>=1000GeV,pTH>=200GeV","qq->Hlv,pTV<150GeV","qq->Hlv,pTV>150GeV","gg/qq->Hll,pTV<150GeV","gg/qq->Hll,pTV>150GeV","ttH,pTH<60GeV","ttH,120<=pTH<200GeV","ttH,200<=pTH<300GeV","ttH,60<=pTH<120GeV","ttH,pTH>300GeV",tH,"gg->H,0-jet,pTH<200GeV","gg->H,1-jet,pTH<60GeV","gg->H,1-jet,60<=pTH<120GeV","gg->H,1-jet,120<=pTH<200GeV","gg->H,>=2-jet,pTH<200GeV","gg->H,pTH>200GeV","qq->Hqq,>=2-jet,350<=mjj<700GeV,pTH<200GeV","qq->Hqq,>=2-jet,700<=mjj<1000GeV,pTH<200GeV","qq->Hqq,>=2-jet,1000<=mjj<1500GeV,pTH<200GeV","qq->Hqq,>=2-jet,mjj>=1500GeV,pTH<200GeV","qq->Hqq,>=2-jet,mjj>=350GeV,pTH>=200GeV","gg->H,0-jet,pTH<10GeV","gg->H,0-jet,10<=pTH<200GeV","gg->H,1-jet,pTH<60GeV","gg->H,1-jet,60<=pTH<120GeV","gg->H,1-jet,120<=pTH<200GeV","gg->H,>=2-jet,pTH<200GeV","gg->H,>=2-jet,pTH>200GeV","qq->Hqq,<=1-jetandVH-veto(VBF)","qq->Hqq,>=2-jet,60<mjj<120GeV","qq->Hqq,>=2-jet,mjj>=350GeV,pTH>=200GeV",VH-lep,ttH,"gg->H,450<=pTH<650GeV","gg->H,pTH>650GeV",qq->Hqq,"qq->Hlv,150<=pTV<250GeV","qq->Hlv,250<=pTV<400GeV","qq->Hlv,pTV>=400GeV","gg/qq->Hll,75<=pTV<150GeV","gg/qq->Hll,150<=pTV<250GeV","gg/qq->Hll,250<=pTV<400GeV","gg/qq->Hll,pTV>=400GeV","ttH,0<=pTH<120GeV","ttH,120<=pTH<200GeV","ttH,200<=pTH<300GeV","ttH,300<=pTH<450GeV","ttH,pTH>450GeV","gg->H,1-jet,120<=pTH<200GeV","gg->H,>=2-jet,mjj<350GeV,120<=pTH<200GeV","gg->H,>=2-jet,mjj>=350GeV,pTH<200GeV","gg->H,200<=pTH<300GeV","gg->H,pTH>=300GeV","gg->H,1-jetor>=2-jet,mjj<350GeV,60<=pTH<120GeV","qq->Hqq,>=2-jet,60<mjj<120GeV","qq->Hqq,>=2-jet,mjj>=350GeV",ttH,"gg->H,ttH,H->mumu","qq->Hqq,VH,H->mumu","all->H,H->Zga"
decay,,H->gaga,H->gaga,H->gaga,H->gaga,H->gaga,H->gaga,H->gaga,H->gaga,H->gaga,H->gaga,H->gaga,H->gaga,H->gaga,H->gaga,H->gaga,H->gaga,H->gaga,H->gaga,H->gaga,H->gaga,H->gaga,H->gaga,H->gaga,H->gaga,H->gaga,H->gaga,H->gaga,H->gaga,H->WW(->lvlv),H->WW(->lvlv),H->WW(->lvlv),H->WW(->lvlv),H->WW(->lvlv),H->WW(->lvlv),H->WW(->lvlv),H->WW(->lvlv),H->WW(->lvlv),H->WW(->lvlv),H->WW(->lvlv),H->ZZ(->4l),H->ZZ(->4l),H->ZZ(->4l),H->ZZ(->4l),H->ZZ(->4l),H->ZZ(->4l),H->ZZ(->4l),H->ZZ(->4l),H->ZZ(->4l),H->ZZ(->4l),H->ZZ(->4l),H->ZZ(->4l),H->bb,H->bb,H->bb,H->bb,H->bb,H->bb,H->bb,H->bb,H->bb,H->bb,H->bb,H->bb,H->bb,H->bb,H->bb,H->tautau,H->tautau,H->tautau,H->tautau,H->tautau,H->tautau,H->tautau,H->tautau,H->tautau,H->mumu,H->mumu,H->Zga
production,decay,,,,,,,,,,,,,,,,,,,,,,,,,,,,,,,,,,,,,,,,,,,,,,,,,,,,,,,,,,,,,,,,,,,,,,,,,,,,,,
"gg->H,0-jet,pTH<10GeV",H->gaga,1.0,-0.1,0.0,-0.06,-0.03,0.04,-0.02,0.01,-0.04,0.0,0.0,0.0,0.0,0.0,0.0,0.0,0.0,0.0,0.0,0.0,0.0,0.0,0.0,0.0,0.0,0.0,0.0,0.0,-0.04,0.0,-0.02,-0.02,0.01,0.0,-0.02,-0.01,0.0,0.0,0.0,0.04,-0.06,0.02,-0.04,-0.01,0.02,-0.02,0.0,0.0,0.0,0.0,0.0,0.0,0.0,0.0,0.0,0.0,0.0,0.0,0.0,0.0,0.0,0.0,0.0,0.0,0.0,0.0,0.0,-0.01,-0.02,-0.03,-0.03,-0.01,0.0,0.0,0.0,0.01,0.0,0.0
"gg->H,0-jet,10<=pTH<200GeV",H->gaga,-0.1,1.0,-0.19,0.16,0.1,-0.05,0.09,-0.01,0.12,0.03,0.04,-0.06,0.03,0.02,0.0,0.03,0.04,0.02,0.01,0.02,0.0,0.0,0.01,0.03,0.0,0.01,0.0,0.02,0.11,0.0,0.05,0.06,-0.01,0.0,0.03,0.03,0.02,0.01,0.01,-0.02,0.11,-0.04,0.08,0.02,-0.04,0.03,0.01,0.0,0.0,0.0,0.0,0.0,0.0,0.0,0.0,0.0,0.0,0.0,0.0,0.0,0.0,0.0,0.0,0.0,0.0,0.0,0.0,0.02,0.03,0.05,0.05,0.02,-0.01,0.0,0.0,-0.02,0.0,0.0
"gg->H,1-jet,pTH<60GeV",H->gaga,0.0,-0.19,1.0,0.12,0.11,0.0,0.09,0.0,0.1,0.06,0.05,-0.27,0.02,-0.01,-0.02,0.02,0.02,0.01,0.0,0.0,0.0,0.0,0.0,0.0,0.0,0.01,0.0,0.0,0.0,0.0,0.0,0.0,0.0,0.0,0.0,0.0,0.0,0.0,0.0,0.0,0.02,0.0,0.01,0.0,0.0,0.0,0.0,0.0,0.0,0.0,0.0,0.0,0.0,0.0,0.0,0.0,0.0,0.0,0.0,0.0,0.0,0.0,0.0,0.0,0.0,0.0,0.0,0.0,0.01,0.0,0.01,0.0,0.0,0.0,0.0,0.0,0.0,0.0
"gg->H,1-jet,60<=pTH<120GeV",H->gaga,-0.06,0.16,0.12,1.0,0.21,-0.17,0.17,-0.02,0.22,0.09,0.08,-0.38,0.02,0.0,-0.02,0.03,0.02,0.0,0.0,0.0,0.0,0.0,0.0,0.0,0.0,0.0,0.0,0.0,0.11,0.0,0.05,0.06,-0.02,0.0,0.04,0.03,0.0,0.0,0.0,-0.04,0.12,-0.05,0.09,0.03,-0.05,0.04,0.0,-0.01,0.0,0.0,0.0,0.0,0.0,0.0,0.0,0.0,0.0,0.0,0.0,0.0,0.0,0.0,0.0,0.0,0.0,0.0,0.01,0.02,0.04,0.06,0.06,0.02,-0.01,-0.03,0.0,-0.02,0.0,0.0
"gg->H,1-jet,120<=pTH<200GeV",H->gaga,-0.03,0.1,0.11,0.21,1.0,0.06,-0.02,0.0,0.16,0.08,0.07,-0.37,0.0,0.0,0.0,0.01,0.0,0.0,0.0,0.0,0.0,0.0,0.0,0.0,0.0,0.0,0.0,0.0,0.05,0.0,0.03,0.03,0.0,0.0,0.02,0.0,0.0,0.0,0.0,-0.02,0.06,-0.02,0.05,0.02,-0.02,0.02,0.0,0.0,0.0,0.0,0.0,0.0,0.0,0.0,0.0,0.0,0.0,0.0,0.0,0.0,0.0,0.0,0.0,0.0,0.0,0.0,0.0,0.01,0.03,0.03,0.03,0.01,0.0,-0.02,0.0,0.0,0.0,0.0
"gg->H,>=2-jet,mjj<350GeV,pTH<120GeV",H->gaga,0.04,-0.05,0.0,-0.17,0.06,1.0,0.02,0.0,0.05,0.07,0.04,-0.26,0.0,-0.03,-0.12,0.02,0.01,0.0,0.0,0.0,0.0,0.0,0.0,0.02,0.01,0.0,0.01,-0.03,-0.06,0.0,-0.03,-0.04,0.02,0.0,-0.03,-0.03,-0.02,-0.02,-0.01,0.03,-0.06,0.04,-0.05,-0.01,0.04,-0.02,-0.01,0.0,0.0,0.0,0.0,0.0,0.0,0.0,0.0,0.0,0.0,0.0,0.0,0.0,0.0,0.0,0.0,0.0,0.0,0.0,0.0,-0.01,-0.02,-0.03,-0.03,-0.01,0.01,0.0,0.0,0.02,0.0,0.0
"gg->H,>=2-jet,mjj<350GeV,120<=pTH<200GeV",H->gaga,-0.02,0.09,0.09,0.17,-0.02,0.02,1.0,-0.03,0.13,0.09,0.07,-0.25,0.0,0.0,-0.26,0.03,0.02,0.01,0.0,0.0,0.0,0.0,0.0,0.0,0.01,0.0,0.01,-0.02,0.04,0.0,0.01,0.02,0.0,0.0,0.0,0.0,0.0,0.0,0.0,-0.02,0.04,-0.02,0.04,0.01,-0.01,0.02,0.0,0.0,0.0,0.0,0.0,0.0,0.0,0.0,0.0,0.0,0.0,0.0,0.0,0.0,0.0,0.0,0.0,0.0,0.0,0.0,0.0,0.0,0.02,0.03,0.03,0.0,0.0,-0.02,0.0,0.0,0.0,0.0
"gg->H,>=2-jet,mjj>=350GeV,pTH<200GeV",H->gaga,0.01,-0.01,0.0,-0.02,0.0,0.0,-0.03,1.0,0.01,0.03,0.02,-0.06,-0.49,-0.01,0.0,-0.29,-0.25,-0.04,0.0,0.0,0.0,0.0,0.0,0.02,0.02,0.0,0.02,-0.07,-0.02,0.0,-0.01,-0.02,0.01,0.0,-0.02,-0.04,-0.06,-0.07,-0.06,0.0,-0.02,0.02,0.0,0.0,0.03,0.0,-0.05,0.0,0.0,0.0,0.0,0.0,0.0,0.0,0.0,0.0,0.0,0.0,0.0,0.0,0.0,0.0,0.0,0.0,0.0,0.0,0.0,-0.01,0.02,0.0,0.0,0.0,0.0,-0.1,0.0,0.01,-0.01,0.0
"gg->H,200<=pTH<300GeV",H->gaga,-0.04,0.12,0.1,0.22,0.16,0.05,0.13,0.01,1.0,0.06,0.1,-0.29,0.01,-0.21,-0.17,0.02,0.02,-0.04,0.01,0.01,0.0,0.0,0.0,0.02,0.0,0.02,0.03,-0.04,0.07,0.0,0.03,0.04,-0.01,0.0,0.02,0.01,0.0,0.0,0.0,-0.03,0.07,-0.03,0.06,0.02,-0.03,0.03,0.0,0.0,0.0,0.0,0.0,0.0,0.0,0.0,0.0,0.0,0.0,0.0,0.0,0.0,0.0,0.0,0.0,0.0,0.0,0.0,0.0,0.01,0.03,0.04,0.04,0.02,0.0,-0.02,0.0,-0.01,0.0,0.0
"gg->H,300<=pTH<450GeV",H->gaga,0.0,0.03,0.06,0.09,0.08,0.07,0.09,0.03,0.06,1.0,0.02,-0.21,0.0,-0.12,-0.11,0.0,0.0,-0.04,0.0,0.0,0.0,0.01,0.0,0.03,0.01,0.0,-0.03,-0.04,0.0,0.0,0.0,0.0,0.0,-0.01,0.0,0.0,0.0,0.0,0.0,0.0,0.0,0.0,0.0,0.0,0.0,0.0,0.0,0.0,0.0,0.0,0.0,0.0,0.02,0.0,0.0,0.0,0.0,0.0,0.0,0.0,0.0,0.0,0.0,0.0,0.0,0.0,0.0,0.0,0.0,-0.03,-0.03,0.0,0.0,-0.01,0.0,0.0,0.0,0.0
"gg->H,pTH>=450GeV",H->gaga,0.0,0.04,0.05,0.08,0.07,0.04,0.07,0.02,0.1,0.02,1.0,-0.14,0.0,-0.08,-0.03,0.01,0.01,-0.02,0.0,0.0,0.0,0.0,0.0,0.02,0.01,0.0,-0.02,-0.02,0.01,0.0,0.0,0.0,-0.01,0.0,0.0,0.0,0.0,0.0,0.0,-0.01,0.0,0.0,0.0,0.0,0.0,0.0,0.0,0.0,0.0,0.0,0.0,0.0,-0.02,0.0,0.0,0.0,0.0,0.0,0.0,0.0,0.0,0.0,0.0,0.0,0.0,0.0,0.0,0.0,0.0,0.03,0.03,0.0,0.0,0.0,0.0,0.0,0.0,0.0
"qq->Hqq,<=1-jetandVH-veto(VBF)",H->gaga,0.0,-0.06,-0.27,-0.38,-0.37,-0.26,-0.25,-0.06,-0.29,-0.21,-0.14,1.0,0.0,0.04,0.06,-0.03,0.0,0.0,0.0,0.0,-0.01,0.0,0.0,0.0,0.0,0.0,0.0,0.0,0.0,0.0,0.0,0.0,0.0,0.0,0.0,0.01,0.03,0.03,0.03,0.0,0.0,0.0,0.0,0.0,0.0,0.0,0.02,0.0,0.0,0.0,0.0,0.0,0.0,0.0,0.0,0.0,0.0,0.0,0.0,0.0,0.0,0.0,0.0,0.0,0.0,0.0,0.0,0.0,-0.01,-0.02,-0.02,0.0,0.0,0.04,0.0,0.0,0.0,0.0
"qq->Hqq,>=2-jet,350<=mjj<700GeV,pTH<200GeV",H->gaga,0.0,0.03,0.02,0.02,0.0,0.0,0.0,-0.49,0.01,0.0,0.0,0.0,1.0,0.01,0.0,0.17,0.29,0.11,0.0,0.0,0.0,0.0,0.0,0.0,0.0,0.0,0.0,0.01,0.02,0.0,0.0,0.01,-0.01,-0.01,0.03,0.07,0.12,0.13,0.12,0.0,0.02,-0.02,0.0,-0.02,-0.03,0.0,0.09,0.0,0.0,0.0,0.0,0.0,0.0,0.0,0.0,0.0,0.0,0.0,0.0,0.0,0.0,0.0,0.0,0.0,0.0,0.0,0.0,0.02,-0.04,0.0,0.0,0.0,0.0,0.19,0.0,-0.01,0.02,0.0
"qq->Hqq,>=2-jet,350<=mjj<1000GeV,pTH>=200GeV",H->gaga,0.0,0.02,-0.01,0.0,0.0,-0.03,0.0,-0.01,-0.21,-0.12,-0.08,0.04,0.01,1.0,0.05,0.0,0.02,-0.04,0.0,0.0,0.0,0.0,0.0,0.0,0.0,0.0,0.0,-0.01,0.02,0.0,0.0,0.0,0.0,0.02,0.0,0.0,0.01,0.01,0.01,0.0,0.02,0.0,0.01,0.0,0.0,0.0,0.0,0.0,0.0,0.0,0.0,0.0,-0.03,0.0,0.0,0.0,0.0,0.0,0.0,0.0,0.0,0.0,0.0,0.0,0.0,0.0,0.0,0.0,0.0,0.05,0.05,0.0,0.0,0.0,0.0,0.0,0.0,0.0
"qq->Hqq,>=2-jet,60<mjj<120GeV",H->gaga,0.0,0.0,-0.02,-0.02,0.0,-0.12,-0.26,0.0,-0.17,-0.11,-0.03,0.06,0.0,0.05,1.0,0.0,0.0,0.0,0.0,0.0,0.0,0.0,0.0,0.0,0.0,0.0,0.0,0.0,0.0,0.0,0.0,0.0,0.0,0.0,0.01,0.0,0.0,0.0,0.0,0.0,0.0,0.0,0.0,0.0,0.0,0.0,0.0,0.0,0.0,0.0,0.0,0.0,0.0,0.0,0.0,0.0,0.0,0.0,0.0,0.0,0.0,0.0,0.0,0.0,0.0,0.0,0.0,0.0,0.0,0.01,0.0,0.0,0.0,0.0,0.0,0.0,0.0,0.0
"qq->Hqq,>=2-jet,700<=mjj<1000GeV,pTH<200GeV",H->gaga,0.0,0.03,0.02,0.03,0.01,0.02,0.03,-0.29,0.02,0.0,0.01,-0.03,0.17,0.0,0.0,1.0,0.11,0.08,0.0,0.0,0.0,0.0,0.0,0.01,0.0,0.0,0.0,0.0,0.01,0.0,0.0,0.0,0.0,-0.01,0.02,0.05,0.09,0.1,0.09,0.0,0.0,-0.01,0.0,-0.02,-0.02,0.0,0.07,0.0,0.0,0.0,0.0,0.0,0.0,0.0,0.0,0.0,0.0,0.0,0.0,0.0,0.0,0.0,0.0,0.0,0.0,0.0,0.0,0.01,-0.03,0.0,0.0,0.0,0.0,0.15,0.0,0.0,0.02,0.0
"qq->Hqq,>=2-jet,mjj>=1000GeV,pTH<200GeV",H->gaga,0.0,0.04,0.02,0.02,0.0,0.01,0.02,-0.25,0.02,0.0,0.01,0.0,0.29,0.02,0.0,0.11,1.0,0.11,0.0,0.0,0.0,0.0,0.0,0.0,0.0,0.0,0.0,0.0,0.01,0.0,0.0,0.0,0.0,-0.01,0.02,0.06,0.11,0.13,0.11,0.0,0.0,-0.01,0.0,-0.02,-0.03,0.0,0.09,0.0,0.0,0.0,0.0,0.0,0.0,0.0,0.0,0.0,0.0,0.0,0.0,0.0,0.0,0.0,0.0,0.0,0.0,0.0,0.0,0.01,-0.04,0.0,0.0,0.0,0.0,0.18,0.0,-0.01,0.02,0.0
"qq->Hqq,>=2-jet,mjj>=1000GeV,pTH>=200GeV",H->gaga,0.0,0.02,0.01,0.0,0.0,0.0,0.01,-0.04,-0.04,-0.04,-0.02,0.0,0.11,-0.04,0.0,0.08,0.11,1.0,0.0,0.0,0.0,0.0,0.0,0.0,0.0,0.0,0.0,0.0,0.0,0.0,0.0,0.0,0.0,0.0,0.0,0.03,0.05,0.06,0.05,0.0,0.0,0.0,0.0,-0.01,0.0,0.0,0.04,0.0,0.0,0.0,0.0,0.0,0.0,0.0,0.0,0.0,0.0,0.0,0.0,0.0,0.0,0.0,0.0,0.0,0.0,0.0,0.0,0.0,-0.02,0.0,0.0,0.0,0.0,0.09,0.0,0.0,0.01,0.0
"qq->Hlv,pTV<150GeV",H->gaga,0.0,0.01,0.0,0.0,0.0,0.0,0.0,0.0,0.01,0.0,0.0,0.0,0.0,0.0,0.0,0.0,0.0,0.0,1.0,-0.06,-0.15,0.0,0.0,0.01,0.02,0.0,0.02,-0.09,0.0,0.0,0.0,0.0,0.0,0.0,0.0,0.0,0.0,0.0,0.0,0.0,0.0,0.0,0.0,0.0,0.0,0.0,0.0,0.0,0.0,0.0,0.0,0.0,0.0,0.0,0.0,0.0,0.0,0.0,0.0,0.0,0.0,0.0,0.0,0.0,0.0,0.0,0.0,0.0,0.0,0.0,0.0,0.0,0.0,0.0,0.0,0.0,0.0,0.0
"qq->Hlv,pTV>150GeV",H->gaga,0.0,0.02,0.0,0.0,0.0,0.0,0.0,0.0,0.01,0.0,0.0,0.0,0.0,0.0,0.0,0.0,0.0,0.0,-0.06,1.0,0.0,-0.32,0.0,0.0,0.0,0.01,0.0,-0.05,0.0,0.0,0.0,0.0,0.0,0.0,0.0,0.0,0.0,0.0,0.0,0.0,0.0,0.0,0.0,0.0,0.0,0.0,0.0,0.0,0.0,0.0,0.0,0.0,0.0,0.0,0.0,0.0,0.0,0.0,0.0,0.0,0.0,0.0,0.0,0.0,0.0,0.0,0.0,0.0,0.0,0.0,0.0,0.0,0.0,0.0,0.0,0.0,0.0,0.0
"gg/qq->Hll,pTV<150GeV",H->gaga,0.0,0.0,0.0,0.0,0.0,0.0,0.0,0.0,0.0,0.0,0.0,-0.01,0.0,0.0,0.0,0.0,0.0,0.0,-0.15,0.0,1.0,-0.09,0.0,0.0,0.0,0.0,0.0,-0.01,0.0,0.0,0.0,0.0,0.0,0.0,0.0,0.0,0.0,0.0,0.0,0.0,0.0,0.0,0.0,0.0,0.0,0.0,0.0,0.0,0.0,0.0,0.0,0.0,0.0,0.0,0.0,0.0,0.0,0.0,0.0,0.0,0.0,0.0,0.0,0.0,0.0,0.0,0.0,0.0,0.0,0.0,0.0,0.0,0.0,0.0,0.0,0.0,0.0,0.0
"gg/qq->Hll,pTV>150GeV",H->gaga,0.0,0.0,0.0,0.0,0.0,0.0,0.0,0.0,0.0,0.01,0.0,0.0,0.0,0.0,0.0,0.0,0.0,0.0,0.0,-0.32,-0.09,1.0,0.0,0.01,0.0,0.0,0.0,-0.03,0.0,0.0,0.0,0.0,0.0,0.0,0.0,0.0,0.0,0.0,0.0,0.0,0.0,0.0,0.0,0.0,0.0,0.0,0.0,0.0,0.0,0.0,0.0,0.0,0.0,0.0,0.0,0.0,0.0,0.0,0.0,0.0,0.0,0.0,0.0,0.0,0.0,0.0,0.0,0.0,0.0,0.0,0.0,0.0,0.0,0.0,0.0,0.0,0.0,0.0
"ttH,pTH<60GeV",H->gaga,0.0,0.01,0.0,0.0,0.0,0.0,0.0,0.0,0.0,0.0,0.0,0.0,0.0,0.0,0.0,0.0,0.0,0.0,0.0,0.0,0.0,0.0,1.0,0.02,0.03,-0.02,0.03,-0.1,0.0,0.0,0.0,0.0,0.0,0.0,0.0,0.0,0.0,0.0,0.0,0.0,0.0,0.0,0.0,0.0,0.0,0.0,0.0,0.0,0.0,0.0,0.0,0.0,0.0,0.0,0.0,0.0,0.0,0.0,0.0,0.0,0.0,0.0,0.0,0.0,0.0,0.0,0.0,0.0,0.0,0.0,0.0,0.0,0.0,0.0,0.0,0.0,0.0,0.0
"ttH,120<=pTH<200GeV",H->gaga,0.0,0.03,0.0,0.0,0.0,0.02,0.0,0.02,0.02,0.03,0.02,0.0,0.0,0.0,0.0,0.01,0.0,0.0,0.01,0.0,0.0,0.01,0.02,1.0,0.02,0.0,0.06,-0.2,0.0,0.0,0.0,0.0,0.0,0.0,0.0,0.0,0.0,0.0,0.0,0.0,0.0,0.0,0.0,0.0,0.0,0.0,0.0,0.0,0.0,0.0,0.0,0.0,0.0,0.0,0.0,0.0,0.0,0.0,0.0,0.0,0.0,0.0,0.0,0.0,0.0,0.0,0.0,0.0,0.0,0.0,0.0,0.0,0.0,0.0,0.0,0.0,0.0,0.0
"ttH,200<=pTH<300GeV",H->gaga,0.0,0.0,0.0,0.0,0.0,0.01,0.01,0.02,0.0,0.01,0.01,0.0,0.0,0.0,0.0,0.0,0.0,0.0,0.02,0.0,0.0,0.0,0.03,0.02,1.0,0.04,0.03,-0.24,0.0,0.0,0.0,0.0,0.0,0.0,0.0,0.0,0.0,0.0,0.0,0.0,0.0,0.0,0.0,0.0,0.0,0.0,0.0,0.0,0.0,0.0,0.0,0.0,0.0,0.0,0.0,0.0,0.0,0.0,0.0,0.0,0.0,0.0,0.0,0.0,0.0,0.0,0.0,0.0,0.0,0.0,0.0,0.0,0.0,0.0,0.0,0.0,0.0,0.0
"ttH,60<=pTH<120GeV",H->gaga,0.0,0.01,0.01,0.0,0.0,0.0,0.0,0.0,0.02,0.0,0.0,0.0,0.0,0.0,0.0,0.0,0.0,0.0,0.0,0.01,0.0,0.0,-0.02,0.0,0.04,1.0,0.06,-0.19,0.0,0.0,0.0,0.0,0.0,0.0,0.0,0.0,0.0,0.0,0.0,0.0,0.0,0.0,0.0,0.0,0.0,0.0,0.0,0.0,0.0,0.0,0.0,0.0,0.0,0.0,0.0,0.0,0.0,0.0,0.0,0.0,0.0,0.0,0.0,0.0,0.0,0.0,0.0,0.0,0.0,0.0,0.0,0.0,0.0,0.0,0.0,0.0,0.0,0.0
"ttH,pTH>300GeV",H->gaga,0.0,0.0,0.0,0.0,0.0,0.01,0.01,0.02,0.03,-0.03,-0.02,0.0,0.0,0.0,0.0,0.0,0.0,0.0,0.02,0.0,0.0,0.0,0.03,0.06,0.03,0.06,1.0,-0.26,0.0,0.0,0.0,0.0,0.0,0.0,0.0,0.0,0.0,0.0,0.0,0.0,0.0,0.0,0.0,0.0,0.0,0.0,0.0,0.0,0.0,0.0,0.0,0.0,0.0,0.0,0.0,0.0,0.0,0.0,0.0,0.0,0.0,0.0,0.0,0.0,0.0,0.0,0.0,0.0,0.0,0.0,0.0,0.0,0.0,0.0,0.0,0.0,0.0,0.0
tH,H->gaga,0.0,0.02,0.0,0.0,0.0,-0.03,-0.02,-0.07,-0.04,-0.04,-0.02,0.0,0.01,-0.01,0.0,0.0,0.0,0.0,-0.09,-0.05,-0.01,-0.03,-0.1,-0.2,-0.24,-0.19,-0.26,1.0,0.0,0.0,0.0,0.0,0.0,0.0,0.0,0.0,0.0,0.0,0.0,0.0,0.0,0.0,0.0,0.0,0.0,0.0,0.0,0.0,0.0,0.0,0.0,0.0,0.0,0.0,0.0,0.0,0.0,0.0,0.0,0.0,0.0,0.0,0.0,0.0,0.0,0.0,0.0,0.0,0.0,0.0,0.0,0.0,0.0,0.0,0.0,0.0,0.0,0.0
"gg->H,0-jet,pTH<200GeV",H->WW(->lvlv),-0.04,0.11,0.0,0.11,0.05,-0.06,0.04,-0.02,0.07,0.0,0.01,0.0,0.02,0.02,0.0,0.01,0.01,0.0,0.0,0.0,0.0,0.0,0.0,0.0,0.0,0.0,0.0,0.0,1.0,-0.15,0.06,0.03,0.05,0.0,0.02,0.02,0.03,0.02,0.02,0.06,0.22,-0.04,0.04,0.01,-0.03,0.03,0.02,0.0,0.0,0.0,0.0,0.0,0.0,0.0,0.0,0.0,0.0,0.0,0.0,0.0,0.0,0.0,0.0,0.0,0.0,0.0,0.0,0.03,0.04,0.0,0.0,0.0,0.0,0.0,0.0,0.0,0.0,0.02
"gg->H,1-jet,pTH<60GeV",H->WW(->lvlv),0.0,0.0,0.0,0.0,0.0,0.0,0.0,0.0,0.0,0.0,0.0,0.0,0.0,0.0,0.0,0.0,0.0,0.0,0.0,0.0,0.0,0.0,0.0,0.0,0.0,0.0,0.0,0.0,-0.15,1.0,-0.05,0.18,-0.07,0.07,0.0,0.01,0.0,0.0,-0.02,-0.01,0.0,0.01,0.05,0.0,0.0,0.0,0.0,0.0,0.0,0.0,0.0,0.0,0.0,0.0,0.0,0.0,0.0,0.01,0.0,0.0,0.0,0.0,0.0,0.0,0.0,0.0,0.0,-0.01,-0.02,0.0,0.0,-0.02,0.0,0.0,0.0,0.0,0.0,0.0
"gg->H,1-jet,60<=pTH<120GeV",H->WW(->lvlv),-0.02,0.05,0.0,0.05,0.03,-0.03,0.01,-0.01,0.03,0.0,0.0,0.0,0.0,0.0,0.0,0.0,0.0,0.0,0.0,0.0,0.0,0.0,0.0,0.0,0.0,0.0,0.0,0.0,0.06,-0.05,1.0,-0.04,-0.16,0.04,0.04,0.02,0.0,0.0,-0.01,-0.01,0.03,0.0,0.11,0.03,-0.02,0.0,0.0,0.0,0.0,0.0,0.0,0.0,0.0,0.0,0.0,0.0,0.0,0.0,0.0,0.0,0.0,0.0,0.0,0.0,0.0,0.0,0.02,0.0,0.01,0.0,0.0,0.02,0.0,0.0,0.0,-0.01,0.0,0.0
"gg->H,1-jet,120<=pTH<200GeV",H->WW(->lvlv),-0.02,0.06,0.0,0.06,0.03,-0.04,0.02,-0.02,0.04,0.0,0.0,0.0,0.01,0.0,0.0,0.0,0.0,0.0,0.0,0.0,0.0,0.0,0.0,0.0,0.0,0.0,0.0,0.0,0.03,0.18,-0.04,1.0,-0.11,-0.07,0.03,0.02,0.02,0.0,0.04,-0.02,0.03,-0.01,0.13,0.04,-0.02,0.01,0.0,0.0,0.0,0.0,0.0,0.0,0.0,0.0,0.0,0.0,0.0,0.0,0.0,0.0,0.0,0.0,0.0,0.0,0.0,0.0,0.01,0.02,0.03,0.01,0.0,0.03,-0.01,-0.01,0.0,-0.01,0.0,0.0
"gg->H,>=2-jet,pTH<200GeV",H->WW(->lvlv),0.01,-0.01,0.0,-0.02,0.0,0.02,0.0,0.01,-0.01,0.0,-0.01,0.0,-0.01,0.0,0.0,0.0,0.0,0.0,0.0,0.0,0.0,0.0,0.0,0.0,0.0,0.0,0.0,0.0,0.05,-0.07,-0.16,-0.11,1.0,0.03,-0.25,-0.15,-0.08,-0.08,0.0,0.02,0.0,0.0,-0.02,0.0,0.06,0.0,0.0,0.0,0.0,0.0,0.0,0.0,0.0,0.0,0.0,0.0,0.0,0.0,0.0,0.0,0.0,0.0,0.0,0.0,0.0,0.0,0.0,0.09,0.11,0.05,0.08,0.0,0.0,-0.04,0.0,0.04,0.0,0.0
"gg->H,pTH>200GeV",H->WW(->lvlv),0.0,0.0,0.0,0.0,0.0,0.0,0.0,0.0,0.0,-0.01,0.0,0.0,-0.01,0.02,0.0,-0.01,-0.01,0.0,0.0,0.0,0.0,0.0,0.0,0.0,0.0,0.0,0.0,0.0,0.0,0.07,0.04,-0.07,0.03,1.0,-0.01,-0.01,0.0,0.0,-0.24,0.0,0.0,0.0,0.0,0.0,0.0,0.1,0.0,0.0,0.0,0.0,0.0,-0.03,-0.01,0.01,0.0,0.0,0.0,0.0,0.0,0.0,0.0,0.0,0.0,0.0,0.0,0.0,0.03,0.03,0.02,0.1,0.17,0.0,0.0,-0.02,0.0,0.0,0.0,0.0
"qq->Hqq,>=2-jet,350<=mjj<700GeV,pTH<200GeV",H->WW(->lvlv),-0.02,0.03,0.0,0.04,0.02,-0.03,0.0,-0.02,0.02,0.0,0.0,0.0,0.03,0.0,0.01,0.02,0.02,0.0,0.0,0.0,0.0,0.0,0.0,0.0,0.0,0.0,0.0,0.0,0.02,0.0,0.04,0.03,-0.25,-0.01,1.0,-0.06,0.11,0.08,-0.03,0.0,0.03,-0.02,0.02,0.0,-0.01,0.0,0.01,0.0,0.0,0.0,0.0,0.0,0.0,0.0,0.0,0.0,0.0,0.0,0.0,0.0,0.0,0.0,0.0,0.0,0.0,0.0,0.02,0.02,0.0,0.02,0.01,0.01,0.0,0.01,0.0,0.0,0.0,0.0
"qq->Hqq,>=2-jet,700<=mjj<1000GeV,pTH<200GeV",H->WW(->lvlv),-0.01,0.03,0.0,0.03,0.0,-0.03,0.0,-0.04,0.01,0.0,0.0,0.01,0.07,0.0,0.0,0.05,0.06,0.03,0.0,0.0,0.0,0.0,0.0,0.0,0.0,0.0,0.0,0.0,0.02,0.01,0.02,0.02,-0.15,-0.01,-0.06,1.0,-0.14,0.13,0.0,0.0,0.03,-0.02,0.01,0.0,-0.02,0.0,0.03,0.0,0.0,0.0,0.0,0.0,0.0,0.0,0.0,0.0,0.0,0.0,0.0,0.0,0.0,0.0,0.0,0.0,0.0,0.0,0.01,0.0,-0.01,0.02,0.0,0.02,0.0,0.05,0.0,0.0,0.0,0.0
"qq->Hqq,>=2-jet,1000<=mjj<1500GeV,pTH<200GeV",H->WW(->lvlv),0.0,0.02,0.0,0.0,0.0,-0.02,0.0,-0.06,0.0,0.0,0.0,0.03,0.12,0.01,0.0,0.09,0.11,0.05,0.0,0.0,0.0,0.0,0.0,0.0,0.0,0.0,0.0,0.0,0.03,0.0,0.0,0.02,-0.08,0.0,0.11,-0.14,1.0,-0.07,0.12,0.0,0.02,-0.01,0.0,0.0,-0.02,0.0,0.05,0.0,0.0,0.0,0.0,0.0,0.0,0.0,0.0,0.0,0.0,0.0,0.0,0.0,0.0,0.0,0.0,0.0,0.0,0.0,0.0,0.02,-0.02,0.0,0.0,0.0,0.0,0.1,0.0,0.0,0.01,0.0
"qq->Hqq,>=2-jet,mjj>=1500GeV,pTH<200GeV",H->WW(->lvlv),0.0,0.01,0.0,0.0,0.0,-0.02,0.0,-0.07,0.0,0.0,0.0,0.03,0.13,0.01,0.0,0.1,0.13,0.06,0.0,0.0,0.0,0.0,0.0,0.0,0.0,0.0,0.0,0.0,0.02,0.0,0.0,0.0,-0.08,0.0,0.08,0.13,-0.07,1.0,0.0,0.0,0.02,-0.01,0.0,-0.01,-0.02,0.0,0.05,0.0,0.0,0.0,0.0,0.0,0.0,0.0,0.0,0.0,0.0,0.0,0.0,0.0,0.0,0.0,0.0,0.0,0.0,0.0,0.0,0.01,-0.01,0.0,0.0,0.0,0.0,0.1,0.0,0.0,0.01,0.0
"qq->Hqq,>=2-jet,mjj>=350GeV,pTH>=200GeV",H->WW(->lvlv),0.0,0.01,0.0,0.0,0.0,-0.01,0.0,-0.06,0.0,0.0,0.0,0.03,0.12,0.01,0.0,0.09,0.11,0.05,0.0,0.0,0.0,0.0,0.0,0.0,0.0,0.0,0.0,0.0,0.02,-0.02,-0.01,0.04,0.0,-0.24,-0.03,0.0,0.12,0.0,1.0,0.0,0.01,0.0,0.0,0.0,-0.02,0.01,0.05,0.0,0.0,0.0,0.0,0.0,0.0,0.0,0.0,0.0,0.0,0.0,0.0,0.0,0.0,0.0,0.0,0.0,0.0,0.0,0.0,0.0,-0.02,0.0,0.0,0.0,0.0,0.09,0.0,0.0,0.01,0.0
"gg->H,0-jet,pTH<10GeV",H->ZZ(->4l),0.04,-0.02,0.0,-0.04,-0.02,0.03,-0.02,0.0,-0.03,0.0,-0.01,0.0,0.0,0.0,0.0,0.0,0.0,0.0,0.0,0.0,0.0,0.0,0.0,0.0,0.0,0.0,0.0,0.0,0.06,-0.01,-0.01,-0.02,0.02,0.0,0.0,0.0,0.0,0.0,0.0,1.0,-0.08,-0.01,-0.02,0.0,0.01,-0.01,0.0,0.0,0.0,0.0,0.0,0.0,0.0,0.0,0.0,0.0,0.0,0.0,0.0,0.0,0.0,0.0,0.0,0.0,0.0,0.0,0.0,0.0,0.0,-0.03,-0.03,0.0,0.0,0.0,0.0,0.01,0.0,0.0
"gg->H,0-jet,10<=pTH<200GeV",H->ZZ(->4l),-0.06,0.11,0.02,0.12,0.06,-0.06,0.04,-0.02,0.07,0.0,0.0,0.0,0.02,0.02,0.0,0.0,0.0,0.0,0.0,0.0,0.0,0.0,0.0,0.0,0.0,0.0,0.0,0.0,0.22,0.0,0.03,0.03,0.0,0.0,0.03,0.03,0.02,0.02,0.01,-0.08,1.0,-0.37,0.07,0.03,-0.02,0.04,-0.01,0.0,0.0,-0.03,0.0,0.0,0.0,0.0,0.0,0.0,0.0,0.0,0.0,0.0,0.0,0.0,0.0,0.0,0.0,0.0,0.01,0.03,0.04,0.03,0.03,0.02,0.0,0.0,0.0,0.0,0.0,0.02
"gg->H,1-jet,pTH<60GeV",H->ZZ(->4l),0.02,-0.04,0.0,-0.05,-0.02,0.04,-0.02,0.02,-0.03,0.0,0.0,0.0,-0.02,0.0,0.0,-0.01,-0.01,0.0,0.0,0.0,0.0,0.0,0.0,0.0,0.0,0.0,0.0,0.0,-0.04,0.01,0.0,-0.01,0.0,0.0,-0.02,-0.02,-0.01,-0.01,0.0,-0.01,-0.37,1.0,0.03,0.05,-0.07,0.0,-0.14,0.02,0.0,-0.01,0.01,0.0,0.0,0.0,0.0,0.0,0.0,0.0,0.0,0.0,0.0,0.0,0.0,0.0,0.0,0.0,0.0,0.0,0.0,-0.02,-0.02,0.0,0.0,0.0,0.0,0.0,0.0,0.0
"gg->H,1-jet,60<=pTH<120GeV",H->ZZ(->4l),-0.04,0.08,0.01,0.09,0.05,-0.05,0.04,0.0,0.06,0.0,0.0,0.0,0.0,0.01,0.0,0.0,0.0,0.0,0.0,0.0,0.0,0.0,0.0,0.0,0.0,0.0,0.0,0.0,0.04,0.05,0.11,0.13,-0.02,0.0,0.02,0.01,0.0,0.0,0.0,-0.02,0.07,0.03,1.0,0.1,-0.18,0.06,-0.17,0.02,0.0,-0.04,0.03,0.0,0.0,0.0,0.0,0.0,0.0,0.0,0.0,0.0,0.0,0.0,0.0,0.0,0.0,0.0,0.04,0.01,0.02,0.03,0.02,0.03,-0.01,-0.02,0.0,-0.02,0.0,0.01
"gg->H,1-jet,120<=pTH<200GeV",H->ZZ(->4l),-0.01,0.02,0.0,0.03,0.02,-0.01,0.01,0.0,0.02,0.0,0.0,0.0,-0.02,0.0,0.0,-0.02,-0.02,-0.01,0.0,0.0,0.0,0.0,0.0,0.0,0.0,0.0,0.0,0.0,0.01,0.0,0.03,0.04,0.0,0.0,0.0,0.0,0.0,-0.01,0.0,0.0,0.03,0.05,0.1,1.0,-0.07,0.01,-0.21,0.0,0.0,-0.08,0.02,0.0,0.0,0.0,0.0,0.0,0.0,0.0,0.0,0.0,0.0,0.0,0.0,0.0,0.0,0.0,0.01,0.0,0.01,0.01,0.01,0.0,0.0,-0.02,0.0,0.0,0.0,0.0
"gg->H,>=2-jet,pTH<200GeV",H->ZZ(->4l),0.02,-0.04,0.0,-0.05,-0.02,0.04,-0.01,0.03,-0.03,0.0,0.0,0.0,-0.03,0.0,0.0,-0.02,-0.03,0.0,0.0,0.0,0.0,0.0,0.0,0.0,0.0,0.0,0.0,0.0,-0.03,0.0,-0.02,-0.02,0.06,0.0,-0.01,-0.02,-0.02,-0.02,-0.02,0.01,-0.02,-0.07,-0.18,-0.07,1.0,-0.03,-0.29,-0.41,0.03,0.0,-0.05,0.0,0.0,0.0,0.0,0.0,0.0,0.0,0.0,0.0,0.0,0.0,0.0,0.0,0.0,0.0,-0.01,0.02,0.04,0.0,0.0,0.0,0.0,-0.03,0.0,0.02,0.0,0.0
"gg->H,>=2-jet,pTH>200GeV",H->ZZ(->4l),-0.02,0.03,0.0,0.04,0.02,-0.02,0.02,0.0,0.03,0.0,0.0,0.0,0.0,0.0,0.0,0.0,0.0,0.0,0.0,0.0,0.0,0.0,0.0,0.0,0.0,0.0,0.0,0.0,0.03,0.0,0.0,0.01,0.0,0.1,0.0,0.0,0.0,0.0,0.01,-0.01,0.04,0.0,0.06,0.01,-0.03,1.0,-0.05,-0.12,-0.36,-0.03,-0.08,-0.06,0.07,0.0,0.0,0.0,0.0,0.0,0.0,0.0,0.0,0.0,0.0,0.0,0.0,0.0,0.0,0.0,0.01,0.01,0.11,0.0,0.0,0.0,0.0,0.0,0.0,0.0
"qq->Hqq,<=1-jetandVH-veto(VBF)",H->ZZ(->4l),0.0,0.01,0.0,0.0,0.0,-0.01,0.0,-0.05,0.0,0.0,0.0,0.02,0.09,0.0,0.0,0.07,0.09,0.04,0.0,0.0,0.0,0.0,0.0,0.0,0.0,0.0,0.0,0.0,0.02,0.0,0.0,0.0,0.0,0.0,0.01,0.03,0.05,0.05,0.05,0.0,-0.01,-0.14,-0.17,-0.21,-0.29,-0.05,1.0,0.05,-0.02,0.0,0.0,0.0,0.0,0.0,0.0,0.0,0.0,0.0,0.0,0.0,0.0,0.0,0.0,0.0,0.0,0.0,0.0,0.0,-0.01,0.0,0.0,0.0,0.0,0.08,0.0,0.0,0.0,0.0
"qq->Hqq,>=2-jet,60<mjj<120GeV",H->ZZ(->4l),0.0,0.0,0.0,-0.01,0.0,0.0,0.0,0.0,0.0,0.0,0.0,0.0,0.0,0.0,0.0,0.0,0.0,0.0,0.0,0.0,0.0,0.0,0.0,0.0,0.0,0.0,0.0,0.0,0.0,0.0,0.0,0.0,0.0,0.0,0.0,0.0,0.0,0.0,0.0,0.0,0.0,0.02,0.02,0.0,-0.41,-0.12,0.05,1.0,0.03,-0.02,-0.11,0.0,0.0,0.0,0.0,0.0,0.0,0.0,0.0,0.0,0.0,0.0,0.0,0.0,0.0,0.0,0.0,0.0,-0.01,0.0,0.0,0.0,0.0,0.0,0.0,0.0,0.0,0.0
"qq->Hqq,>=2-jet,mjj>=350GeV,pTH>=200GeV",H->ZZ(->4l),0.0,0.0,0.0,0.0,0.0,0.0,0.0,0.0,0.0,0.0,0.0,0.0,0.0,0.0,0.0,0.0,0.0,0.0,0.0,0.0,0.0,0.0,0.0,0.0,0.0,0.0,0.0,0.0,0.0,0.0,0.0,0.0,0.0,0.0,0.0,0.0,0.0,0.0,0.0,0.0,0.0,0.0,0.0,0.0,0.03,-0.36,-0.02,0.03,1.0,0.0,0.02,0.0,0.0,0.0,0.0,0.0,0.0,0.0,0.0,0.0,0.0,0.0,0.0,0.0,0.0,0.0,0.0,0.0,0.0,0.0,0.0,0.0,0.0,0.0,0.0,0.0,0.0,0.0
VH-lep,H->ZZ(->4l),0.0,0.0,0.0,0.0,0.0,0.0,0.0,0.0,0.0,0.0,0.0,0.0,0.0,0.0,0.0,0.0,0.0,0.0,0.0,0.0,0.0,0.0,0.0,0.0,0.0,0.0,0.0,0.0,0.0,0.0,0.0,0.0,0.0,0.0,0.0,0.0,0.0,0.0,0.0,0.0,-0.03,-0.01,-0.04,-0.08,0.0,-0.03,0.0,-0.02,0.0,1.0,-0.07,0.0,0.0,0.0,0.0,0.0,0.0,0.0,0.0,0.0,0.0,0.0,0.0,0.0,0.0,0.0,0.0,0.0,0.0,0.0,0.0,0.0,0.0,0.0,0.0,0.0,0.0,0.0
ttH,H->ZZ(->4l),0.0,0.0,0.0,0.0,0.0,0.0,0.0,0.0,0.0,0.0,0.0,0.0,0.0,0.0,0.0,0.0,0.0,0.0,0.0,0.0,0.0,0.0,0.0,0.0,0.0,0.0,0.0,0.0,0.0,0.0,0.0,0.0,0.0,0.0,0.0,0.0,0.0,0.0,0.0,0.0,0.0,0.01,0.03,0.02,-0.05,-0.08,0.0,-0.11,0.02,-0.07,1.0,0.0,0.0,0.0,0.0,0.0,0.0,0.0,0.0,0.0,0.0,0.01,0.0,0.01,0.0,0.0,0.0,0.0,0.0,0.0,0.0,0.0,0.0,0.0,0.02,0.0,0.0,0.0
"gg->H,450<=pTH<650GeV",H->bb,0.0,0.0,0.0,0.0,0.0,0.0,0.0,0.0,0.0,0.0,0.0,0.0,0.0,0.0,0.0,0.0,0.0,0.0,0.0,0.0,0.0,0.0,0.0,0.0,0.0,0.0,0.0,0.0,0.0,0.0,0.0,0.0,0.0,-0.03,0.0,0.0,0.0,0.0,0.0,0.0,0.0,0.0,0.0,0.0,0.0,-0.06,0.0,0.0,0.0,0.0,0.0,1.0,-0.14,-0.05,0.0,0.0,0.0,0.0,0.0,0.0,0.0,0.0,0.0,0.0,0.0,-0.04,0.0,0.0,0.0,0.03,-0.02,0.0,0.0,0.0,0.0,0.0,0.0,0.0
"gg->H,pTH>650GeV",H->bb,0.0,0.0,0.0,0.0,0.0,0.0,0.0,0.0,0.0,0.02,-0.02,0.0,0.0,-0.03,0.0,0.0,0.0,0.0,0.0,0.0,0.0,0.0,0.0,0.0,0.0,0.0,0.0,0.0,0.0,0.0,0.0,0.0,0.0,-0.01,0.0,0.0,0.0,0.0,0.0,0.0,0.0,0.0,0.0,0.0,0.0,0.07,0.0,0.0,0.0,0.0,0.0,-0.14,1.0,-0.02,0.0,0.0,0.0,0.0,0.0,0.0,0.0,0.0,0.0,0.0,0.0,-0.03,0.0,0.0,0.0,-0.14,-0.08,0.0,0.0,0.0,0.0,0.0,0.0,0.0
qq->Hqq,H->bb,0.0,0.0,0.0,0.0,0.0,0.0,0.0,0.0,0.0,0.0,0.0,0.0,0.0,0.0,0.0,0.0,0.0,0.0,0.0,0.0,0.0,0.0,0.0,0.0,0.0,0.0,0.0,0.0,0.0,0.0,0.0,0.0,0.0,0.01,0.0,0.0,0.0,0.0,0.0,0.0,0.0,0.0,0.0,0.0,0.0,0.0,0.0,0.0,0.0,0.0,0.0,-0.05,-0.02,1.0,0.0,0.0,0.0,0.0,0.0,0.0,0.0,0.0,0.0,0.0,0.0,0.0,0.0,0.0,0.0,0.0,0.01,0.0,0.0,0.0,0.0,0.0,0.0,0.0
"qq->Hlv,150<=pTV<250GeV",H->bb,0.0,0.0,0.0,0.0,0.0,0.0,0.0,0.0,0.0,0.0,0.0,0.0,0.0,0.0,0.0,0.0,0.0,0.0,0.0,0.0,0.0,0.0,0.0,0.0,0.0,0.0,0.0,0.0,0.0,0.0,0.0,0.0,0.0,0.0,0.0,0.0,0.0,0.0,0.0,0.0,0.0,0.0,0.0,0.0,0.0,0.0,0.0,0.0,0.0,0.0,0.0,0.0,0.0,0.0,1.0,-0.06,0.04,-0.01,0.0,0.04,0.0,0.0,0.0,0.0,0.0,0.0,0.03,0.02,0.0,0.0,0.0,0.0,0.0,0.0,0.0,0.0,0.0,0.0
"qq->Hlv,250<=pTV<400GeV",H->bb,0.0,0.0,0.0,0.0,0.0,0.0,0.0,0.0,0.0,0.0,0.0,0.0,0.0,0.0,0.0,0.0,0.0,0.0,0.0,0.0,0.0,0.0,0.0,0.0,0.0,0.0,0.0,0.0,0.0,0.0,0.0,0.0,0.0,0.0,0.0,0.0,0.0,0.0,0.0,0.0,0.0,0.0,0.0,0.0,0.0,0.0,0.0,0.0,0.0,0.0,0.0,0.0,0.0,0.0,-0.06,1.0,-0.13,0.04,0.03,-0.04,0.02,0.0,0.0,0.0,0.0,0.0,0.0,0.0,0.0,0.0,0.0,0.0,0.0,0.0,0.0,0.0,0.0,0.0
"qq->Hlv,pTV>=400GeV",H->bb,0.0,0.0,0.0,0.0,0.0,0.0,0.0,0.0,0.0,0.0,0.0,0.0,0.0,0.0,0.0,0.0,0.0,0.0,0.0,0.0,0.0,0.0,0.0,0.0,0.0,0.0,0.0,0.0,0.0,0.0,0.0,0.0,0.0,0.0,0.0,0.0,0.0,0.0,0.0,0.0,0.0,0.0,0.0,0.0,0.0,0.0,0.0,0.0,0.0,0.0,0.0,0.0,0.0,0.0,0.04,-0.13,1.0,0.01,0.03,0.0,-0.14,0.0,0.0,0.0,0.0,0.0,0.0,0.0,0.0,0.0,0.0,0.0,0.0,0.0,0.0,0.0,0.0,0.0
"gg/qq->Hll,75<=pTV<150GeV",H->bb,0.0,0.0,0.0,0.0,0.0,0.0,0.0,0.0,0.0,0.0,0.0,0.0,0.0,0.0,0.0,0.0,0.0,0.0,0.0,0.0,0.0,0.0,0.0,0.0,0.0,0.0,0.0,0.0,0.0,0.01,0.0,0.0,0.0,0.0,0.0,0.0,0.0,0.0,0.0,0.0,0.0,0.0,0.0,0.0,0.0,0.0,0.0,0.0,0.0,0.0,0.0,0.0,0.0,0.0,-0.01,0.04,0.01,1.0,0.02,0.05,0.0,0.0,-0.01,0.0,0.0,0.0,-0.03,0.0,0.0,0.0,0.0,-0.03,0.0,0.0,0.0,0.0,0.0,0.0
"gg/qq->Hll,150<=pTV<250GeV",H->bb,0.0,0.0,0.0,0.0,0.0,0.0,0.0,0.0,0.0,0.0,0.0,0.0,0.0,0.0,0.0,0.0,0.0,0.0,0.0,0.0,0.0,0.0,0.0,0.0,0.0,0.0,0.0,0.0,0.0,0.0,0.0,0.0,0.0,0.0,0.0,0.0,0.0,0.0,0.0,0.0,0.0,0.0,0.0,0.0,0.0,0.0,0.0,0.0,0.0,0.0,0.0,0.0,0.0,0.0,0.0,0.03,0.03,0.02,1.0,0.0,0.01,0.0,0.0,0.0,0.0,0.0,0.0,0.0,0.0,0.0,0.0,0.0,0.0,0.0,0.0,0.0,0.0,0.0
"gg/qq->Hll,250<=pTV<400GeV",H->bb,0.0,0.0,0.0,0.0,0.0,0.0,0.0,0.0,0.0,0.0,0.0,0.0,0.0,0.0,0.0,0.0,0.0,0.0,0.0,0.0,0.0,0.0,0.0,0.0,0.0,0.0,0.0,0.0,0.0,0.0,0.0,0.0,0.0,0.0,0.0,0.0,0.0,0.0,0.0,0.0,0.0,0.0,0.0,0.0,0.0,0.0,0.0,0.0,0.0,0.0,0.0,0.0,0.0,0.0,0.04,-0.04,0.0,0.05,0.0,1.0,-0.1,0.0,0.0,0.0,0.0,0.0,0.0,0.0,0.0,0.0,0.0,0.0,0.0,0.0,0.0,0.0,0.0,0.0
"gg/qq->Hll,pTV>=400GeV",H->bb,0.0,0.0,0.0,0.0,0.0,0.0,0.0,0.0,0.0,0.0,0.0,0.0,0.0,0.0,0.0,0.0,0.0,0.0,0.0,0.0,0.0,0.0,0.0,0.0,0.0,0.0,0.0,0.0,0.0,0.0,0.0,0.0,0.0,0.0,0.0,0.0,0.0,0.0,0.0,0.0,0.0,0.0,0.0,0.0,0.0,0.0,0.0,0.0,0.0,0.0,0.0,0.0,0.0,0.0,0.0,0.02,-0.14,0.0,0.01,-0.1,1.0,0.0,0.0,0.0,0.0,0.0,0.0,0.0,0.0,0.0,0.0,0.0,0.0,0.0,0.0,0.0,0.0,0.0
"ttH,0<=pTH<120GeV",H->bb,0.0,0.0,0.0,0.0,0.0,0.0,0.0,0.0,0.0,0.0,0.0,0.0,0.0,0.0,0.0,0.0,0.0,0.0,0.0,0.0,0.0,0.0,0.0,0.0,0.0,0.0,0.0,0.0,0.0,0.0,0.0,0.0,0.0,0.0,0.0,0.0,0.0,0.0,0.0,0.0,0.0,0.0,0.0,0.0,0.0,0.0,0.0,0.0,0.0,0.0,0.01,0.0,0.0,0.0,0.0,0.0,0.0,0.0,0.0,0.0,0.0,1.0,-0.28,-0.06,-0.06,-0.04,0.0,0.0,0.0,0.0,0.0,0.0,0.0,0.0,0.02,0.0,0.0,0.0
"ttH,120<=pTH<200GeV",H->bb,0.0,0.0,0.0,0.0,0.0,0.0,0.0,0.0,0.0,0.0,0.0,0.0,0.0,0.0,0.0,0.0,0.0,0.0,0.0,0.0,0.0,0.0,0.0,0.0,0.0,0.0,0.0,0.0,0.0,0.0,0.0,0.0,0.0,0.0,0.0,0.0,0.0,0.0,0.0,0.0,0.0,0.0,0.0,0.0,0.0,0.0,0.0,0.0,0.0,0.0,0.0,0.0,0.0,0.0,0.0,0.0,0.0,-0.01,0.0,0.0,0.0,-0.28,1.0,-0.21,0.04,0.03,0.0,0.0,0.0,0.0,0.0,0.0,0.0,0.0,0.0,0.0,0.0,0.0
"ttH,200<=pTH<300GeV",H->bb,0.0,0.0,0.0,0.0,0.0,0.0,0.0,0.0,0.0,0.0,0.0,0.0,0.0,0.0,0.0,0.0,0.0,0.0,0.0,0.0,0.0,0.0,0.0,0.0,0.0,0.0,0.0,0.0,0.0,0.0,0.0,0.0,0.0,0.0,0.0,0.0,0.0,0.0,0.0,0.0,0.0,0.0,0.0,0.0,0.0,0.0,0.0,0.0,0.0,0.0,0.01,0.0,0.0,0.0,0.0,0.0,0.0,0.0,0.0,0.0,0.0,-0.06,-0.21,1.0,-0.08,0.04,0.0,0.0,0.0,0.0,0.0,0.0,0.0,0.0,0.01,0.0,0.0,0.0
"ttH,300<=pTH<450GeV",H->bb,0.0,0.0,0.0,0.0,0.0,0.0,0.0,0.0,0.0,0.0,0.0,0.0,0.0,0.0,0.0,0.0,0.0,0.0,0.0,0.0,0.0,0.0,0.0,0.0,0.0,0.0,0.0,0.0,0.0,0.0,0.0,0.0,0.0,0.0,0.0,0.0,0.0,0.0,0.0,0.0,0.0,0.0,0.0,0.0,0.0,0.0,0.0,0.0,0.0,0.0,0.0,0.0,0.0,0.0,0.0,0.0,0.0,0.0,0.0,0.0,0.0,-0.06,0.04,-0.08,1.0,-0.15,0.0,0.0,0.0,0.0,0.0,0.0,0.0,0.0,0.0,0.0,0.0,0.0
"ttH,pTH>450GeV",H->bb,0.0,0.0,0.0,0.0,0.0,0.0,0.0,0.0,0.0,0.0,0.0,0.0,0.0,0.0,0.0,0.0,0.0,0.0,0.0,0.0,0.0,0.0,0.0,0.0,0.0,0.0,0.0,0.0,0.0,0.0,0.0,0.0,0.0,0.0,0.0,0.0,0.0,0.0,0.0,0.0,0.0,0.0,0.0,0.0,0.0,0.0,0.0,0.0,0.0,0.0,0.0,-0.04,-0.03,0.0,0.0,0.0,0.0,0.0,0.0,0.0,0.0,-0.04,0.03,0.04,-0.15,1.0,0.0,0.0,0.0,0.0,0.0,0.0,0.0,0.0,0.0,0.0,0.0,0.0
"gg->H,1-jet,120<=pTH<200GeV",H->tautau,0.0,0.0,0.0,0.01,0.0,0.0,0.0,0.0,0.0,0.0,0.0,0.0,0.0,0.0,0.0,0.0,0.0,0.0,0.0,0.0,0.0,0.0,0.0,0.0,0.0,0.0,0.0,0.0,0.0,0.0,0.02,0.01,0.0,0.03,0.02,0.01,0.0,0.0,0.0,0.0,0.01,0.0,0.04,0.01,-0.01,0.0,0.0,0.0,0.0,0.0,0.0,0.0,0.0,0.0,0.03,0.0,0.0,-0.03,0.0,0.0,0.0,0.0,0.0,0.0,0.0,0.0,1.0,0.01,-0.05,-0.02,0.03,-0.13,0.02,0.02,0.0,0.0,0.0,0.0
"gg->H,>=2-jet,mjj<350GeV,120<=pTH<200GeV",H->tautau,-0.01,0.02,0.0,0.02,0.01,-0.01,0.0,-0.01,0.01,0.0,0.0,0.0,0.02,0.0,0.0,0.01,0.01,0.0,0.0,0.0,0.0,0.0,0.0,0.0,0.0,0.0,0.0,0.0,0.03,-0.01,0.0,0.02,0.09,0.03,0.02,0.0,0.02,0.01,0.0,0.0,0.03,0.0,0.01,0.0,0.02,0.0,0.0,0.0,0.0,0.0,0.0,0.0,0.0,0.0,0.02,0.0,0.0,0.0,0.0,0.0,0.0,0.0,0.0,0.0,0.0,0.0,0.01,1.0,-0.22,0.0,0.09,-0.08,-0.31,0.15,-0.02,0.02,0.0,0.0
"gg->H,>=2-jet,mjj>=350GeV,pTH<200GeV",H->tautau,-0.02,0.03,0.01,0.04,0.03,-0.02,0.02,0.02,0.03,0.0,0.0,-0.01,-0.04,0.0,0.0,-0.03,-0.04,-0.02,0.0,0.0,0.0,0.0,0.0,0.0,0.0,0.0,0.0,0.0,0.04,-0.02,0.01,0.03,0.11,0.02,0.0,-0.01,-0.02,-0.01,-0.02,0.0,0.04,0.0,0.02,0.01,0.04,0.01,-0.01,-0.01,0.0,0.0,0.0,0.0,0.0,0.0,0.0,0.0,0.0,0.0,0.0,0.0,0.0,0.0,0.0,0.0,0.0,0.0,-0.05,-0.22,1.0,0.02,0.09,-0.02,0.12,-0.53,-0.02,0.02,0.0,0.0
"gg->H,200<=pTH<300GeV",H->tautau,-0.03,0.05,0.0,0.06,0.03,-0.03,0.03,0.0,0.04,-0.03,0.03,-0.02,0.0,0.05,0.01,0.0,0.0,0.0,0.0,0.0,0.0,0.0,0.0,0.0,0.0,0.0,0.0,0.0,0.0,0.0,0.0,0.01,0.05,0.1,0.02,0.02,0.0,0.0,0.0,-0.03,0.03,-0.02,0.03,0.01,0.0,0.01,0.0,0.0,0.0,0.0,0.0,0.03,-0.14,0.0,0.0,0.0,0.0,0.0,0.0,0.0,0.0,0.0,0.0,0.0,0.0,0.0,-0.02,0.0,0.02,1.0,0.22,0.12,-0.1,-0.06,0.0,0.0,0.0,0.0
"gg->H,pTH>=300GeV",H->tautau,-0.03,0.05,0.01,0.06,0.03,-0.03,0.03,0.0,0.04,-0.03,0.03,-0.02,0.0,0.05,0.0,0.0,0.0,0.0,0.0,0.0,0.0,0.0,0.0,0.0,0.0,0.0,0.0,0.0,0.0,0.0,0.0,0.0,0.08,0.17,0.01,0.0,0.0,0.0,0.0,-0.03,0.03,-0.02,0.02,0.01,0.0,0.11,0.0,0.0,0.0,0.0,0.0,-0.02,-0.08,0.01,0.0,0.0,0.0,0.0,0.0,0.0,0.0,0.0,0.0,0.0,0.0,0.0,0.03,0.09,0.09,0.22,1.0,0.0,-0.07,-0.09,-0.02,0.0,0.0,0.0
"gg->H,1-jetor>=2-jet,mjj<350GeV,60<=pTH<120GeV",H->tautau,-0.01,0.02,0.0,0.02,0.01,-0.01,0.0,0.0,0.02,0.0,0.0,0.0,0.0,0.0,0.0,0.0,0.0,0.0,0.0,0.0,0.0,0.0,0.0,0.0,0.0,0.0,0.0,0.0,0.0,-0.02,0.02,0.03,0.0,0.0,0.01,0.02,0.0,0.0,0.0,0.0,0.02,0.0,0.03,0.0,0.0,0.0,0.0,0.0,0.0,0.0,0.0,0.0,0.0,0.0,0.0,0.0,0.0,-0.03,0.0,0.0,0.0,0.0,0.0,0.0,0.0,0.0,-0.13,-0.08,-0.02,0.12,0.0,1.0,-0.09,0.0,-0.02,0.0,0.0,0.0
"qq->Hqq,>=2-jet,60<mjj<120GeV",H->tautau,0.0,-0.01,0.0,-0.01,0.0,0.01,0.0,0.0,0.0,0.0,0.0,0.0,0.0,0.0,0.0,0.0,0.0,0.0,0.0,0.0,0.0,0.0,0.0,0.0,0.0,0.0,0.0,0.0,0.0,0.0,0.0,-0.01,0.0,0.0,0.0,0.0,0.0,0.0,0.0,0.0,0.0,0.0,-0.01,0.0,0.0,0.0,0.0,0.0,0.0,0.0,0.0,0.0,0.0,0.0,0.0,0.0,0.0,0.0,0.0,0.0,0.0,0.0,0.0,0.0,0.0,0.0,0.02,-0.31,0.12,-0.1,-0.07,-0.09,1.0,-0.05,0.0,0.0,0.0,0.0
"qq->Hqq,>=2-jet,mjj>=350GeV",H->tautau,0.0,0.0,0.0,-0.03,-0.02,0.0,-0.02,-0.1,-0.02,-0.01,0.0,0.04,0.19,0.0,0.0,0.15,0.18,0.09,0.0,0.0,0.0,0.0,0.0,0.0,0.0,0.0,0.0,0.0,0.0,0.0,0.0,-0.01,-0.04,-0.02,0.01,0.05,0.1,0.1,0.09,0.0,0.0,0.0,-0.02,-0.02,-0.03,0.0,0.08,0.0,0.0,0.0,0.0,0.0,0.0,0.0,0.0,0.0,0.0,0.0,0.0,0.0,0.0,0.0,0.0,0.0,0.0,0.0,0.02,0.15,-0.53,-0.06,-0.09,0.0,-0.05,1.0,0.02,-0.01,0.02,0.0
ttH,H->tautau,0.0,0.0,0.0,0.0,0.0,0.0,0.0,0.0,0.0,0.0,0.0,0.0,0.0,0.0,0.0,0.0,0.0,0.0,0.0,0.0,0.0,0.0,0.0,0.0,0.0,0.0,0.0,0.0,0.0,0.0,0.0,0.0,0.0,0.0,0.0,0.0,0.0,0.0,0.0,0.0,0.0,0.0,0.0,0.0,0.0,0.0,0.0,0.0,0.0,0.0,0.02,0.0,0.0,0.0,0.0,0.0,0.0,0.0,0.0,0.0,0.0,0.02,0.0,0.01,0.0,0.0,0.0,-0.02,-0.02,0.0,-0.02,-0.02,0.0,0.02,1.0,0.0,0.0,0.0
"gg->H,ttH,H->mumu",H->mumu,0.01,-0.02,0.0,-0.02,0.0,0.02,0.0,0.01,-0.01,0.0,0.0,0.0,-0.01,0.0,0.0,0.0,-0.01,0.0,0.0,0.0,0.0,0.0,0.0,0.0,0.0,0.0,0.0,0.0,0.0,0.0,-0.01,-0.01,0.04,0.0,0.0,0.0,0.0,0.0,0.0,0.01,0.0,0.0,-0.02,0.0,0.02,0.0,0.0,0.0,0.0,0.0,0.0,0.0,0.0,0.0,0.0,0.0,0.0,0.0,0.0,0.0,0.0,0.0,0.0,0.0,0.0,0.0,0.0,0.02,0.02,0.0,0.0,0.0,0.0,-0.01,0.0,1.0,-0.29,0.0
"qq->Hqq,VH,H->mumu",H->mumu,0.0,0.0,0.0,0.0,0.0,0.0,0.0,-0.01,0.0,0.0,0.0,0.0,0.02,0.0,0.0,0.02,0.02,0.01,0.0,0.0,0.0,0.0,0.0,0.0,0.0,0.0,0.0,0.0,0.0,0.0,0.0,0.0,0.0,0.0,0.0,0.0,0.01,0.01,0.01,0.0,0.0,0.0,0.0,0.0,0.0,0.0,0.0,0.0,0.0,0.0,0.0,0.0,0.0,0.0,0.0,0.0,0.0,0.0,0.0,0.0,0.0,0.0,0.0,0.0,0.0,0.0,0.0,0.0,0.0,0.0,0.0,0.0,0.0,0.02,0.0,-0.29,1.0,0.0
"all->H,H->Zga",H->Zga,0.0,0.0,0.0,0.0,0.0,0.0,0.0,0.0,0.0,0.0,0.0,0.0,0.0,0.0,0.0,0.0,0.0,0.0,0.0,0.0,0.0,0.0,0.0,0.0,0.0,0.0,0.0,0.0,0.02,0.0,0.0,0.0,0.0,0.0,0.0,0.0,0.0,0.0,0.0,0.0,0.02,0.0,0.01,0.0,0.0,0.0,0.0,0.0,0.0,0.0,0.0,0.0,0.0,0.0,0.0,0.0,0.0,0.0,0.0,0.0,0.0,0.0,0.0,0.0,0.0,0.0,0.0,0.0,0.0,0.0,0.0,0.0,0.0,0.0,0.0,0.0,0.0,1.0
